0,[2.7438786 0.4609375],1.8322837
1,[3.9236028 0.4609375],2.300831
2,[2.791218 0.53125 ],1.7872293
3,[2.9779768 0.5703125],1.977187
4,[3.0874066 0.421875 ],1.3141141
5,[2.9659011 0.5      ],1.912858
6,[3.6058836 0.5      ],2.2745502
7,[3.387113  0.4609375],1.6227942
8,[2.3447807 0.6015625],2.0513806
9,[3.4743738 0.4375   ],2.0320256
10,[2.355116 0.5625  ],1.6167675
11,[2.3267653 0.46875  ],1.5244889
12,[3.3724265 0.53125  ],1.4142408
13,[2.028709  0.6640625],1.8933713
14,[2.7810748 0.5625   ],1.6063023
15,[3.7588658 0.40625  ],1.9375458
16,[2.447752  0.5703125],1.5190783
17,[2.8220053 0.5703125],1.9081292
18,[2.7250872 0.5625   ],1.5458679
19,[1.715682 0.5625  ],1.1893448
20,[2.6626158 0.5      ],0.91886145
21,[2.7562804 0.53125  ],1.3278228
22,[2.4924726 0.578125 ],1.6632631
23,[2.7815828 0.5234375],1.1668782
24,[3.219384  0.5859375],1.4702874
25,[2.4141936 0.4765625],1.5576575
26,[3.4767995 0.4296875],1.6302431
27,[2.81202   0.5546875],1.2544528
28,[2.7664437 0.546875 ],2.307045
29,[3.033279 0.46875 ],1.559458
30,[2.685017 0.5625  ],1.5933609
31,[2.3929105 0.515625 ],1.5225451
32,[3.0006328 0.5234375],1.4482211
33,[2.4671123 0.53125  ],1.8188748
34,[3.0095115 0.53125  ],1.6996996
35,[2.5158513 0.515625 ],1.5269464
36,[2.6372113 0.5390625],1.5047612
37,[2.565011 0.59375 ],1.6913723
38,[2.5243926 0.59375  ],1.6669731
39,[2.7298315 0.5859375],1.397929
40,[2.8224602 0.6015625],1.4844587
41,[2.6610537 0.5703125],1.342063
42,[2.3248045 0.6015625],1.2089577
43,[2.6401901 0.5859375],1.1272638
44,[2.4504085 0.5859375],1.3493794
45,[1.2878889 0.578125 ],1.4403976
46,[2.476531  0.5234375],1.7863834
47,[3.196397  0.5078125],1.5063727
48,[2.5148683 0.5390625],0.99757314
49,[2.4942904 0.6015625],1.7158113
50,[2.8750849 0.6015625],1.1479175
51,[3.422052  0.5390625],1.2158942
52,[2.2812777 0.5390625],1.330801
53,[2.7370465 0.546875 ],1.6533499
54,[2.051882 0.578125],1.28093
55,[2.40466   0.6328125],0.9928436
56,[2.6070104 0.5234375],1.4669983
57,[2.1346958 0.546875 ],1.3708025
58,[2.2332077 0.5703125],1.1050246
59,[2.6176116 0.5      ],1.211315
60,[1.868246  0.6171875],1.4988366
61,[2.128581  0.5703125],1.1846442
62,[1.9177287 0.5546875],1.0736933
63,[2.720818 0.546875],0.8706379
64,[2.646047  0.4921875],1.3780409
65,[2.610714  0.5703125],1.361063
66,[2.6339853 0.53125  ],1.2034917
67,[2.7728019 0.5703125],2.1757631
68,[2.7467124 0.6328125],1.092267
69,[2.911768 0.5625  ],1.2540127
70,[2.121973  0.6484375],1.6507009
71,[2.1908813 0.6484375],1.4877281
72,[2.2106192 0.6640625],1.292212
73,[2.3879654 0.546875 ],1.3343191
74,[3.1012645 0.5      ],1.4383779
75,[2.5802336 0.515625 ],1.4442161
76,[2.0515254 0.6015625],1.3597908
77,[2.2120214 0.5859375],1.3355461
78,[2.3544247 0.65625  ],1.0517919
79,[2.298633 0.59375 ],1.2317579
80,[1.4876935 0.671875 ],1.181474
81,[1.7053914 0.6328125],1.6635183
82,[2.3141913 0.609375 ],1.4429474
83,[2.2965932 0.5390625],1.1961989
84,[2.1944914 0.546875 ],1.2745812
85,[2.0302284 0.5546875],1.3126347
86,[2.3341417 0.6328125],1.3239424
87,[2.367733  0.6328125],1.3924
88,[2.2243977 0.5390625],1.268446
89,[1.7877855 0.625    ],1.4385426
90,[1.8034151 0.6484375],1.3506618
91,[2.4854236 0.625    ],1.7522246
92,[2.3719883 0.59375  ],1.1976357
93,[2.2155302 0.609375 ],1.1058191
94,[2.1304157 0.609375 ],1.5400274
95,[2.375826  0.6328125],1.6250615
96,[2.4484515 0.59375  ],1.3866076
97,[2.5637908 0.59375  ],1.4512126
98,[2.3021898 0.640625 ],1.0605328
99,[2.582447 0.5625  ],1.3661604
100,[1.8521323 0.65625  ],1.9639499
101,[2.169168 0.609375],1.390919
102,[2.6141963 0.53125  ],1.3757131
103,[2.0109992 0.65625  ],1.4456916
104,[2.1242776 0.6171875],1.4047589
105,[1.9003237 0.5703125],1.9365827
106,[1.9581859 0.609375 ],1.0231777
107,[2.535619 0.59375 ],1.0472333
108,[1.5843606 0.6484375],1.5137646
109,[1.5219953 0.65625  ],1.2574601
110,[2.0709295 0.6015625],1.3355672
111,[1.8470736 0.5390625],1.2412581
112,[2.1737094 0.625    ],1.1635177
113,[1.7188857 0.640625 ],1.1623087
114,[3.1203961 0.5625   ],1.6536897
115,[2.2014453 0.609375 ],1.1155124
116,[2.293342  0.6015625],0.98045206
117,[3.2659476 0.4921875],1.0635104
118,[1.8860558 0.640625 ],1.5264137
119,[2.321215 0.609375],1.4492937
120,[1.6839266 0.65625  ],1.2459024
121,[2.9188373 0.5390625],1.1410371
122,[1.4797201 0.625    ],1.145021
123,[1.9191743 0.6171875],1.2369361
124,[2.075351  0.5390625],1.1888613
125,[1.9660337 0.640625 ],1.5148357
126,[2.0099885 0.6015625],1.1709694
127,[2.7776227 0.578125 ],0.9635961
128,[2.4686644 0.5234375],1.2335608
129,[2.3824873 0.6171875],1.2639629
130,[1.8835593 0.625    ],1.224874
131,[2.3959036 0.609375 ],1.1374749
132,[2.436345  0.6015625],1.129026
133,[1.8454093 0.6484375],1.2685935
134,[1.8139992 0.59375  ],1.4092965
135,[2.1014242 0.6484375],1.373163
136,[1.7531879 0.6015625],1.2776432
137,[2.1767972 0.625    ],1.1003268
138,[2.1465025 0.5859375],1.3365089
139,[2.1332762 0.5625   ],1.2493646
140,[2.2650528 0.625    ],1.4060512
141,[2.3472402 0.5546875],1.0432317
142,[2.2101784 0.609375 ],1.2616076
143,[2.250093 0.59375 ],1.4061953
144,[1.8310006 0.6015625],1.2832466
145,[2.509019  0.5703125],1.3992183
146,[2.590647  0.5859375],1.2741925
147,[2.2322283 0.6875   ],1.3176944
148,[2.2732973 0.578125 ],0.9923922
149,[2.601806 0.609375],1.542232
150,[2.3393326 0.5625   ],1.4050411
151,[3.0057206 0.6328125],1.1902552
152,[2.2751598 0.65625  ],0.92746586
153,[2.6690855 0.625    ],1.2671611
154,[2.1328063 0.671875 ],1.0239761
155,[2.1596665 0.6796875],1.2464452
156,[2.0233808 0.6640625],1.1930423
157,[2.9248354 0.5625   ],0.9725934
158,[2.4298272 0.640625 ],1.394139
159,[2.2378209 0.6640625],1.4209877
160,[2.1567411 0.640625 ],1.1758721
161,[1.5040455 0.5859375],0.9264131
162,[1.5838736 0.671875 ],1.2354299
163,[2.0379102 0.6328125],1.4928672
164,[1.3868918 0.6640625],1.4284692
165,[2.3717482 0.6171875],1.0891865
166,[1.786924  0.6640625],1.0266608
167,[1.7275457 0.640625 ],1.4248224
168,[2.3774433 0.640625 ],1.1543279
169,[1.456536  0.6328125],1.0739623
170,[1.8008966 0.65625  ],1.7054718
171,[1.9036753 0.6484375],1.1034077
172,[2.22529   0.5859375],1.270081
173,[3.2508502 0.5      ],1.4256129
174,[2.275396  0.6484375],1.2188203
175,[2.0535398 0.5859375],0.9074874
176,[2.080416  0.6328125],1.2621453
177,[2.3014653 0.5546875],1.2903174
178,[1.5227877 0.6484375],1.2229953
179,[1.1936103 0.6875   ],1.4522257
180,[1.8325465 0.6875   ],1.1303377
181,[2.219225 0.625   ],1.2490472
182,[2.0004754 0.6328125],1.1084657
183,[2.316921  0.5859375],1.3090669
184,[2.0677195 0.625    ],1.3874539
185,[1.6951153 0.6640625],1.2985921
186,[1.3622996 0.734375 ],0.99973226
187,[1.7191287 0.6875   ],1.3827877
188,[2.251401  0.5546875],1.3414173
189,[2.3800354 0.6171875],1.3563805
190,[2.1988218 0.546875 ],0.9742472
191,[1.1514506 0.6640625],1.2705698
192,[2.3576865 0.6484375],0.94836235
193,[1.6457717 0.6640625],1.0448918
194,[2.0752096 0.6796875],1.053457
195,[2.387589 0.640625],1.0428616
196,[2.170206 0.625   ],1.6524798
197,[2.7444324 0.578125 ],1.3035988
198,[1.8447978 0.6953125],1.1396748
199,[2.177693 0.625   ],1.048948
200,[1.658427  0.6953125],1.118269
201,[1.9277499 0.6875   ],1.3228104
202,[1.9959426 0.6484375],1.3058481
203,[2.037693  0.6328125],1.2150359
204,[2.584139 0.640625],1.1495456
205,[2.3862085 0.6171875],1.2942672
206,[2.2367558 0.6171875],1.3627198
207,[1.9931133 0.5859375],1.3363199
208,[2.243065 0.625   ],1.6386776
209,[1.8115265 0.6484375],1.2022556
210,[1.6365917 0.6953125],1.4176306
211,[2.090291 0.671875],1.0391804
212,[1.5395263 0.71875  ],1.1609054
213,[2.2171502 0.6171875],1.3682374
214,[1.8879999 0.6875   ],1.215698
215,[1.6468279 0.6640625],0.77194273
216,[1.878797  0.7109375],1.0872349
217,[2.2714634 0.7265625],1.3792388
218,[1.2602344 0.7734375],0.9643396
219,[2.4584832 0.6015625],1.4629036
220,[2.8027081 0.6328125],0.9647296
221,[2.056055 0.609375],1.1558919
222,[1.493993 0.6875  ],1.0496147
223,[1.8972576 0.6484375],1.0694569
224,[2.378929 0.625   ],1.3656839
225,[2.6091952 0.5859375],1.4273183
226,[2.9215086 0.625    ],1.18942
227,[2.8395233 0.625    ],1.3686612
228,[1.8220121 0.6875   ],1.4537411
229,[2.8930092 0.625    ],1.2372189
230,[1.8279827 0.71875  ],1.2471527
231,[1.569948 0.640625],1.1061461
232,[2.1436937 0.6484375],1.2364299
233,[1.6231445 0.6796875],1.1310406
234,[1.8863723 0.6875   ],1.2162225
235,[2.1173868 0.6640625],0.986068
236,[1.773352  0.6484375],1.2559719
237,[1.507982  0.7265625],0.9186189
238,[1.9205179 0.6171875],1.6271855
239,[1.5977135 0.703125 ],0.9936763
240,[2.3873658 0.65625  ],1.4054221
241,[1.1267598 0.6953125],1.1477802
242,[1.5585456 0.6328125],1.2558057
243,[1.8089123 0.7265625],1.347347
244,[2.2917695 0.625    ],1.3873446
245,[2.0448234 0.6328125],0.9270601
246,[1.507291  0.7421875],1.067833
247,[1.5342066 0.71875  ],0.986885
248,[1.4867513 0.71875  ],1.0802429
249,[1.5557059 0.6796875],1.2002726
250,[2.2903833 0.6484375],1.1267164
251,[1.4327141 0.6796875],1.1914028
252,[2.2569456 0.6953125],1.5419269
253,[1.8626127 0.6875   ],1.1915827
254,[2.1491652 0.640625 ],0.94475234
255,[1.5986475 0.7109375],1.2433476
256,[2.6412454 0.6171875],1.2552986
257,[1.8587298 0.6875   ],1.0415871
258,[1.7845637 0.734375 ],1.2229735
259,[2.1496673 0.6328125],1.3601404
260,[1.0814329 0.7421875],1.2860887
261,[1.1309154 0.75     ],1.2377096
262,[2.10389 0.59375],1.3577852
263,[2.5338616 0.59375  ],1.2280877
264,[2.673924 0.609375],1.0805843
265,[1.8680627 0.6875   ],0.96353227
266,[1.8653766 0.765625 ],0.93200964
267,[1.872364 0.6875  ],1.0869782
268,[1.4430382 0.7265625],0.9842515
269,[1.575537  0.7109375],1.2307913
270,[1.3574638 0.6640625],1.1117811
271,[1.5570371 0.6953125],1.291423
272,[1.8016022 0.6640625],1.1046952
273,[1.8386787 0.6640625],0.9584063
274,[1.2347646 0.796875 ],1.0524104
275,[2.243331 0.65625 ],1.0999594
276,[2.250761  0.6328125],1.224122
277,[1.5278827 0.703125 ],1.396572
278,[1.722819  0.6640625],0.906379
279,[1.9836462 0.6796875],1.255374
280,[1.565958 0.65625 ],1.2895228
281,[1.6041713 0.75     ],1.1542495
282,[2.325911  0.6328125],1.2867415
283,[1.9180971 0.6484375],1.0876831
284,[1.9617538 0.703125 ],1.0310462
285,[1.2629503 0.6953125],1.0402346
286,[1.4047947 0.7421875],1.0727028
287,[1.4972641 0.734375 ],1.479246
288,[1.6368232 0.7109375],1.004364
289,[1.5885897 0.71875  ],0.991753
290,[1.7928314 0.6640625],1.328284
291,[1.809397 0.609375],1.1430688
292,[1.4157833 0.671875 ],1.1129715
293,[2.7619233 0.6015625],1.1479604
294,[1.6261654 0.734375 ],1.0998311
295,[2.0423553 0.609375 ],0.8830985
296,[1.9739547 0.6875   ],0.89280105
297,[1.8815229 0.703125 ],1.2385539
298,[2.3186364 0.703125 ],1.4711456
299,[2.3109274 0.6640625],1.2440996
300,[1.3402563 0.7421875],0.9238905
301,[2.0868096 0.6953125],1.0131737
302,[1.4351518 0.734375 ],1.1175082
303,[1.6719711 0.6640625],1.2201339
304,[2.923789 0.609375],0.9949423
305,[1.2116039 0.734375 ],1.374589
306,[1.9977741 0.7265625],1.216162
307,[1.9821727 0.6875   ],1.0547777
308,[1.4554169 0.671875 ],1.216784
309,[2.0173864 0.6953125],1.2431934
310,[1.9502263 0.6875   ],1.1773225
311,[2.0876184 0.7421875],1.0347736
312,[1.6201433 0.7421875],1.1429476
313,[1.9887044 0.671875 ],1.2792059
314,[1.7918258 0.734375 ],1.066263
315,[1.3043321 0.71875  ],1.3897774
316,[1.9384662 0.65625  ],1.3752487
317,[1.8654577 0.65625  ],1.2600268
318,[1.7191027 0.7265625],1.1739231
319,[2.1805696 0.7265625],1.0429372
320,[2.001353  0.7109375],1.3817872
321,[1.5257813 0.6875   ],1.6258473
322,[2.1004891 0.6953125],1.3624032
323,[1.4606233 0.7109375],1.3657771
324,[1.1604741 0.71875  ],1.445478
325,[1.92475  0.640625],0.9704689
326,[1.7376374 0.7109375],1.2179822
327,[1.4844149 0.6171875],1.3536739
328,[1.3556643 0.7109375],0.9901061
329,[1.8235927 0.65625  ],1.023529
330,[1.322939  0.7734375],1.3520963
331,[1.2349555 0.7421875],1.2587589
332,[2.0108256 0.6796875],1.0401704
333,[1.8813987 0.6953125],0.77784836
334,[2.145099 0.703125],1.1614041
335,[2.12921 0.6875 ],0.99242806
336,[1.5691752 0.734375 ],1.2224848
337,[1.6374806 0.7421875],1.0646983
338,[2.0314224 0.7265625],1.1502773
339,[2.0008929 0.65625  ],1.2512594
340,[1.9783008 0.703125 ],1.1182678
341,[1.6777333 0.703125 ],0.9770845
342,[1.9074461 0.75     ],1.6627405
343,[2.126054 0.6875  ],1.3451979
344,[1.8782728 0.609375 ],0.87359124
345,[2.1530087 0.6875   ],1.2663589
346,[1.8618716 0.6484375],1.3187314
347,[1.5328838 0.6875   ],1.1264044
348,[2.0852811 0.6484375],1.3156732
349,[1.974676  0.7109375],1.1242326
350,[1.9206595 0.7265625],0.9437279
351,[1.7619326 0.6875   ],1.091679
352,[1.1136813 0.765625 ],1.1624671
353,[1.8032715 0.71875  ],1.0035498
354,[2.1336274 0.6875   ],0.9793594
355,[1.6900253 0.671875 ],1.2325196
356,[2.0160825 0.609375 ],1.4657993
357,[2.0216253 0.703125 ],1.058442
358,[1.7855691 0.6796875],1.1011047
359,[2.0967615 0.7109375],1.2239721
360,[1.6735724 0.734375 ],1.3350103
361,[1.7386591 0.71875  ],1.2458293
362,[2.235893  0.7109375],1.0972244
363,[1.6355792 0.6953125],1.2099404
364,[2.0686378 0.7421875],1.3879685
365,[1.7764666 0.71875  ],1.0658572
366,[1.6118118 0.7890625],1.3075371
367,[2.1587436 0.65625  ],1.1195272
368,[1.7520103 0.7109375],1.1346486
369,[1.6576645 0.7265625],1.1795636
370,[1.580777  0.7421875],1.1360426
371,[1.877513  0.7109375],1.3260517
372,[1.2846252 0.75     ],1.3078374
373,[1.7406143 0.703125 ],1.3562587
374,[2.103813 0.6875  ],1.2113312
375,[2.1566715 0.6171875],0.969705
376,[2.0629883 0.71875  ],1.3158836
377,[0.9976623 0.7109375],1.2240628
378,[2.0442708 0.6796875],1.7835048
379,[1.1046903 0.8046875],1.0365851
380,[2.080809 0.6875  ],1.1194671
381,[2.468919  0.6796875],1.196848
382,[1.8353765 0.7421875],0.9246329
383,[1.1751622 0.7421875],1.0095847
384,[1.2116024 0.765625 ],0.8704153
385,[2.1200802 0.6953125],1.4408653
386,[2.2409015 0.6875   ],1.4207146
387,[2.310239 0.671875],1.5275066
388,[1.3623586 0.734375 ],0.8662839
389,[1.4586252 0.6640625],1.133193
390,[1.2314901 0.7421875],1.1802635
391,[1.9596645 0.75     ],0.9559808
392,[2.30261   0.7109375],1.1098957
393,[2.1820378 0.71875  ],1.2206937
394,[2.0607338 0.71875  ],1.0494779
395,[1.779344  0.7734375],1.0715066
396,[1.3718741 0.734375 ],1.2967079
397,[1.7595009 0.65625  ],1.1149108
398,[1.783668  0.7109375],1.257902
399,[2.0294948 0.6796875],1.2656105
400,[1.5745578 0.7734375],1.1716797
401,[1.5405138 0.75     ],1.1674256
402,[1.6411844 0.796875 ],1.1629906
403,[1.1755366 0.7578125],0.97634363
404,[1.7416154 0.734375 ],1.1472265
405,[1.5441601 0.6875   ],0.9575638
406,[1.3635368 0.765625 ],0.96168834
407,[1.799288 0.65625 ],1.4189456
408,[1.4334569 0.7734375],0.99741745
409,[1.554553  0.7578125],1.1703297
410,[1.5132022 0.7421875],1.1151012
411,[1.7251499 0.734375 ],1.369141
412,[1.1018595 0.7578125],1.3284662
413,[1.7643815 0.75     ],0.93022376
414,[2.0873005 0.7265625],1.0701159
415,[1.3437378 0.7890625],1.0818865
416,[2.2778077 0.6796875],1.0591499
417,[1.7322776 0.7578125],1.2554791
418,[1.5511063 0.734375 ],1.2432761
419,[2.2878008 0.6640625],1.1166215
420,[1.6150961 0.7578125],0.940278
421,[1.5714366 0.78125  ],1.116401
422,[1.9104649 0.6953125],1.3541231
423,[1.874697 0.75    ],1.0191028
424,[1.4763957 0.7265625],1.231795
425,[2.070329 0.71875 ],1.2526791
426,[1.4551909 0.7421875],1.079036
427,[1.2312955 0.75     ],1.137774
428,[2.043719 0.671875],1.2566259
429,[1.4226291 0.7578125],1.0327634
430,[1.8196777 0.71875  ],1.55461
431,[1.2970605 0.8359375],1.1746832
432,[1.9019878 0.6953125],1.1719712
433,[1.6945529 0.78125  ],1.0314806
434,[1.447634 0.75    ],1.375076
435,[1.4728972 0.7421875],1.1650532
436,[1.4980206 0.7265625],1.2989318
437,[1.7531068 0.75     ],0.888674
438,[0.9791993 0.6953125],1.2466104
439,[2.1420326 0.703125 ],0.9569705
440,[1.4851369 0.734375 ],1.20243
441,[1.7040963 0.7578125],0.96930575
442,[1.5240729 0.7578125],1.2100997
443,[1.6049895 0.7109375],1.184886
444,[2.175915 0.6875  ],1.1640999
445,[1.3598135 0.734375 ],0.9102627
446,[2.2716036 0.6875   ],1.6156197
447,[0.9893422 0.796875 ],0.886557
448,[0.9555944 0.828125 ],1.2186084
449,[1.8379501 0.75     ],1.2700164
450,[2.1650655 0.7109375],1.1527205
451,[1.7736921 0.75     ],1.2286131
452,[1.7363899 0.75     ],1.5706437
453,[2.2383797 0.6796875],1.1402066
454,[1.193738 0.78125 ],1.1121045
455,[1.8294395 0.7578125],1.1374123
456,[0.86648947 0.7734375 ],1.2179492
457,[0.8353746 0.828125 ],1.467824
458,[2.0045404 0.7734375],1.1190448
459,[1.8424727 0.703125 ],1.3420587
460,[1.3769712 0.7421875],1.2023641
461,[1.2632215 0.765625 ],1.2306939
462,[1.9901588 0.7265625],1.3047419
463,[1.7958336 0.6875   ],1.0581503
464,[1.1664587 0.8046875],1.2006913
465,[1.3480351 0.71875  ],0.97940135
466,[1.510164  0.7578125],1.1092556
467,[1.7337804 0.7421875],1.0022941
468,[1.4500499 0.75     ],1.0957581
469,[1.8651545 0.7421875],1.2449871
470,[1.2347257 0.7890625],1.0740287
471,[1.2227497 0.796875 ],1.5418812
472,[1.7726249 0.75     ],1.1273019
473,[1.3937445 0.71875  ],1.1673189
474,[1.7943498 0.7109375],1.1499231
475,[1.0690994 0.8203125],1.3328106
476,[2.028265 0.734375],1.2912143
477,[1.4777474 0.796875 ],1.3695228
478,[1.6397231 0.7421875],1.3155286
479,[1.737146 0.703125],0.8277009
480,[1.8083732 0.7578125],1.1858033
481,[1.9692292 0.6875   ],1.0327562
482,[2.2199316 0.7734375],1.002384
483,[1.7076213 0.734375 ],0.944359
484,[1.8329289 0.7890625],1.0910021
485,[1.9233725 0.6796875],1.6364093
486,[1.4039078 0.734375 ],1.3658715
487,[1.9691889 0.78125  ],1.0443578
488,[1.4909005 0.7421875],1.2864072
489,[1.2788771 0.8125   ],1.0546241
490,[1.4309754 0.7890625],0.9890732
491,[1.3106623 0.8203125],1.21194
492,[1.4571339 0.796875 ],1.0082624
493,[2.3102422 0.703125 ],1.0492421
494,[1.6432954 0.7734375],1.3264852
495,[1.5494816 0.796875 ],1.210742
496,[1.8672059 0.7578125],1.0705124
497,[1.3488837 0.7890625],1.2208078
498,[1.4959018 0.78125  ],1.2728964
499,[1.1828244 0.796875 ],1.2371774
500,[1.775079  0.7421875],1.2679873
501,[1.0901694 0.8046875],1.2148278
502,[1.0843161 0.8359375],1.1696833
503,[1.2676631 0.734375 ],1.0385022
504,[1.8816553 0.71875  ],1.1315057
505,[1.0904725 0.8359375],0.9338069
506,[1.3632879 0.828125 ],1.5430088
507,[1.9187369 0.7890625],1.5003033
508,[1.8166659 0.734375 ],1.3548921
509,[1.469072 0.765625],1.0857198
510,[1.2101504 0.8203125],1.2090777
511,[1.0908332 0.828125 ],1.3784705
512,[0.9281563 0.7578125],1.2479358
513,[1.6115505 0.7734375],0.9888103
514,[1.3521342 0.8359375],1.3718755
515,[1.8150382 0.7109375],1.1811173
516,[1.5424538 0.7890625],1.3145108
517,[2.058704 0.75    ],1.4740145
518,[1.3608305 0.78125  ],1.0391419
519,[1.4973502 0.796875 ],1.0524162
520,[1.8947467 0.7890625],1.0771723
521,[1.7951181 0.7578125],1.1226252
522,[1.4427779 0.7265625],1.263425
523,[0.9325408 0.796875 ],1.1033497
524,[1.7124388 0.7421875],1.2689149
525,[1.6311297 0.7890625],1.0742463
526,[1.6004994 0.75     ],1.0879242
527,[1.4707916 0.8046875],0.9086715
528,[1.4080197 0.8203125],1.24934
529,[1.7668252 0.7734375],0.99967
530,[1.4248548 0.78125  ],1.4360799
531,[1.4416215 0.75     ],1.0450431
532,[1.1864735 0.8046875],1.2391174
533,[1.494772 0.75    ],1.0732731
534,[1.1794146 0.8046875],1.4123472
535,[1.3449255 0.796875 ],0.9846293
536,[1.564929  0.7734375],0.9803562
537,[1.9852031 0.7265625],1.2940263
538,[1.6337845 0.7734375],1.1216451
539,[2.430891 0.765625],1.3412864
540,[1.4847648 0.765625 ],1.0080515
541,[1.5328275 0.7578125],1.2413918
542,[1.442616 0.765625],1.0120478
543,[1.5712202 0.7734375],1.0406905
544,[1.3182532 0.8046875],1.1360798
545,[1.3102541 0.7734375],1.2228515
546,[1.327166  0.8046875],1.3810568
547,[1.5911497 0.7578125],1.2733711
548,[1.2555375 0.7890625],1.2527806
549,[1.4371108 0.796875 ],1.0649312
550,[1.0867804 0.828125 ],1.3038348
551,[1.0744402 0.8125   ],1.0666744
552,[2.4374244 0.7578125],1.1257937
553,[0.9944747 0.828125 ],1.1030017
554,[1.0647795 0.8515625],1.4227657
555,[1.1539686 0.8203125],0.98616946
556,[1.8296266 0.7421875],1.0197308
557,[1.4907234 0.75     ],1.2218812
558,[0.9830636 0.734375 ],1.4921911
559,[1.6450784 0.75     ],1.1448863
560,[0.9812587 0.8203125],1.2518964
561,[1.0548    0.8046875],1.1923516
562,[1.2664138 0.7265625],1.0342709
563,[1.986948  0.7421875],1.2149827
564,[0.97529525 0.765625  ],1.6871085
565,[1.7802238 0.796875 ],1.3302724
566,[1.7518817 0.75     ],1.1706123
567,[1.7875233 0.7890625],1.0289333
568,[1.5470564 0.75     ],1.2205428
569,[1.646059 0.796875],1.069948
570,[1.5675671 0.7421875],1.020266
571,[1.0630279 0.84375  ],1.3161396
572,[1.6563795 0.7109375],1.2897873
573,[1.439378 0.796875],1.0490195
574,[1.6034819 0.734375 ],1.2041831
575,[1.4991679 0.8125   ],1.0722486
576,[1.7826376 0.7109375],0.99680924
577,[1.5953249 0.7578125],1.401888
578,[1.7354969 0.7265625],1.4250541
579,[2.0416138 0.703125 ],1.1381905
580,[1.2673646 0.8046875],1.2308408
581,[0.8017405 0.84375  ],1.1275854
582,[1.1705177 0.8125   ],1.1068252
583,[1.5823463 0.7109375],1.095418
584,[2.0362906 0.71875  ],1.1898098
585,[1.8704895 0.765625 ],1.1538091
586,[1.8513367 0.7578125],1.0723221
587,[1.2767143 0.8046875],1.2314762
588,[1.769306  0.7734375],1.2263787
589,[1.1650343 0.8046875],1.1115922
590,[1.723439 0.71875 ],1.2369459
591,[1.5317435 0.7734375],1.0969179
592,[1.7424988 0.7734375],1.1703999
593,[1.0654577 0.8203125],1.1241274
594,[1.6909966 0.78125  ],0.9727344
595,[1.2698588 0.8125   ],1.3473321
596,[2.1099164 0.765625 ],0.93557274
597,[0.8436763 0.8359375],1.20654
598,[1.5728738 0.78125  ],1.4270985
599,[1.1898749 0.8203125],1.1593666
600,[1.4336536 0.7890625],1.1641775
601,[1.3164346 0.8125   ],1.3592037
602,[0.7846447 0.875    ],1.2497716
603,[1.3148291 0.8359375],1.2986645
604,[1.5774733 0.765625 ],1.1330938
605,[1.7258682 0.734375 ],1.3073006
606,[1.5649369 0.7734375],1.3343657
607,[1.1597745 0.7890625],1.2775346
608,[2.0051608 0.7421875],1.5759938
609,[1.1594801 0.828125 ],1.1197386
610,[1.8307935 0.8203125],1.3630024
611,[2.2850223 0.6796875],1.2736678
612,[1.7788184 0.7265625],1.3884015
613,[1.0614964 0.796875 ],1.3211634
614,[1.220393 0.78125 ],0.9668001
615,[1.645368  0.7890625],1.0232694
616,[1.3802738 0.8203125],1.0294864
617,[1.7664318 0.765625 ],1.2406542
618,[1.3761775 0.765625 ],1.1461807
619,[1.3167952 0.75     ],1.3603526
620,[1.4630618 0.8125   ],1.0743474
621,[1.9081612 0.71875  ],1.0735868
622,[1.6673179 0.7734375],1.3115166
623,[1.6337652 0.7578125],1.2972727
624,[0.93072635 0.765625  ],1.2362342
625,[1.4339278 0.796875 ],1.0926617
626,[1.3715647 0.7578125],1.1470165
627,[2.03088   0.7578125],1.1807342
628,[1.4532688 0.8046875],1.2763891
629,[1.9139245 0.7421875],1.3207489
630,[0.97167194 0.8359375 ],1.0252086
631,[1.8099123 0.765625 ],1.3605753
632,[1.8159026 0.765625 ],1.5166464
633,[1.594038 0.78125 ],0.88735676
634,[1.1144024 0.8046875],1.0727487
635,[1.6327088 0.734375 ],1.0069048
636,[1.4386256 0.7421875],1.4654077
637,[1.8021108 0.8046875],1.0622373
638,[1.2674564 0.78125  ],0.9670024
639,[0.8434464 0.8046875],1.0652101
640,[1.0949314 0.78125  ],1.1126517
641,[2.1268618 0.75     ],1.0141668
642,[1.545077 0.78125 ],1.4307253
643,[1.3827046 0.796875 ],1.1457094
644,[1.6126881 0.7734375],1.0147
645,[1.1986907 0.78125  ],1.4326513
646,[1.244849 0.828125],1.0695134
647,[1.103653  0.8046875],1.080426
648,[1.1900212 0.7421875],0.93869126
649,[1.0632081 0.8203125],0.9899272
650,[1.0863461 0.765625 ],1.1657273
651,[1.7781336 0.8046875],1.2037928
652,[1.0317361 0.8203125],1.1657664
653,[1.4245334 0.84375  ],1.2384409
654,[1.927653  0.7890625],1.1299629
655,[1.176244 0.8125  ],1.0373023
656,[1.3949637 0.7890625],1.0367088
657,[1.21084  0.765625],1.3188149
658,[1.4427309 0.8125   ],1.097305
659,[0.9874337 0.8671875],1.2419337
660,[1.1136906 0.84375  ],0.9705874
661,[1.9743735 0.765625 ],1.24391
662,[1.3055625 0.8203125],1.3660061
663,[1.3625778 0.78125  ],1.067748
664,[1.289993  0.8046875],1.2714891
665,[1.4429717 0.7734375],1.1605892
666,[1.2929039 0.796875 ],1.0994978
667,[1.0516658 0.8359375],1.0753002
668,[1.585192  0.8046875],0.9640011
669,[1.5861359 0.75     ],1.1895902
670,[0.9498202 0.8125   ],1.1423669
671,[1.537676  0.7734375],0.88677293
672,[0.88482416 0.7890625 ],1.2261195
673,[1.2532966 0.84375  ],1.2800062
674,[0.86149746 0.8515625 ],1.1560115
675,[1.1500514 0.828125 ],0.99905914
676,[0.9502813 0.828125 ],1.0349487
677,[1.7752872 0.765625 ],0.997665
678,[1.5426216 0.7578125],0.90708673
679,[1.1775886 0.8125   ],1.1868358
680,[1.3428216 0.828125 ],0.9840268
681,[1.3807125 0.8125   ],1.0018973
682,[1.2897379 0.8125   ],1.4105365
683,[1.597574 0.828125],1.048662
684,[1.3059149 0.828125 ],1.1775639
685,[1.5067041 0.8125   ],1.2215513
686,[0.83314824 0.8359375 ],1.2132514
687,[1.3204371 0.828125 ],1.5305651
688,[1.9622065 0.8046875],1.0593811
689,[0.9418781 0.828125 ],1.103334
690,[1.4739101 0.796875 ],1.1078146
691,[1.13793  0.859375],0.94285035
692,[1.7289392 0.7890625],1.0592797
693,[0.825267  0.8203125],1.1099098
694,[1.3802098 0.8125   ],1.2124981
695,[1.438574 0.796875],1.1946551
696,[2.2520177 0.765625 ],1.0900779
697,[1.088276  0.8359375],1.0991979
698,[0.9798417 0.8984375],0.99837244
699,[1.1868112 0.8359375],1.6146702
700,[1.3828969 0.78125  ],1.0518337
701,[1.0642158 0.8359375],1.1820316
702,[1.2711618 0.8046875],1.3402209
703,[1.5112638 0.765625 ],1.4292407
704,[0.9425472 0.8515625],1.4229718
705,[1.7189337 0.7578125],1.0926311
706,[1.4200537 0.7890625],1.1789677
707,[0.94358474 0.828125  ],1.3176547
708,[1.032913 0.875   ],1.0281056
709,[1.2495428 0.8671875],1.6012408
710,[1.0275608 0.8359375],1.4481031
711,[1.7052406 0.8203125],1.2359138
712,[1.4866105 0.78125  ],0.9242435
713,[0.79505646 0.8359375 ],1.2288065
714,[1.196352  0.7578125],1.3017352
715,[1.1934133 0.8203125],1.2534877
716,[1.3250153 0.7421875],1.1572131
717,[1.2722896 0.8046875],1.0019448
718,[1.3067687 0.8125   ],1.2902684
719,[1.7673609 0.8125   ],1.2526711
720,[1.149188  0.8046875],1.2313454
721,[0.941109 0.828125],1.6708843
722,[1.1809669 0.8046875],1.2120806
723,[1.1310612 0.859375 ],1.199858
724,[1.4122555 0.84375  ],1.2231227
725,[1.5486566 0.828125 ],1.1707124
726,[1.4141005 0.828125 ],1.3396983
727,[1.2499664 0.8515625],0.9715375
728,[1.1020035 0.859375 ],1.2943462
729,[1.282066 0.859375],1.2316401
730,[1.0803883 0.8125   ],1.2133157
731,[1.2165573 0.828125 ],1.2412271
732,[1.0537297 0.8125   ],1.2684677
733,[1.1477561 0.8515625],1.0667944
734,[1.4222047 0.828125 ],1.3663855
735,[1.4029044 0.8046875],1.100845
736,[1.6252357 0.8203125],1.3374903
737,[1.5693527 0.7578125],1.0648179
738,[1.4024131 0.78125  ],1.3217542
739,[1.2717586 0.828125 ],1.1447577
740,[1.6201553 0.765625 ],1.2775426
741,[1.2626817 0.8125   ],0.9767585
742,[0.9465771 0.8359375],1.1451417
743,[1.0616775 0.859375 ],1.3432145
744,[1.3929191 0.8671875],1.3445222
745,[1.2735344 0.7890625],1.0268931
746,[1.0292041 0.8671875],1.1468735
747,[1.3243288 0.7890625],1.1704413
748,[0.884796 0.859375],0.99282265
749,[1.5581709 0.828125 ],0.95187515
750,[1.8506052 0.7890625],1.2486897
751,[1.47862   0.8359375],1.3257096
752,[1.2659843 0.8515625],1.0317656
753,[1.6679926 0.8046875],1.087979
754,[0.9292694 0.8125   ],1.2510738
755,[1.0563064 0.859375 ],1.3458531
756,[1.1612434 0.859375 ],0.99054575
757,[1.330215  0.7734375],1.053019
758,[1.5829719 0.7890625],1.1375301
759,[1.1809809 0.7890625],1.8383821
760,[1.8322476 0.78125  ],0.9861641
761,[1.3940829 0.8671875],1.0375199
762,[1.4503262 0.7734375],1.1629022
763,[1.3258548 0.859375 ],0.97985613
764,[1.4326082 0.8359375],1.1347966
765,[1.0633931 0.8125   ],1.0976626
766,[1.2799773 0.8359375],1.1074662
767,[1.4924333 0.859375 ],1.1929157
768,[1.4350622 0.8125   ],1.5218948
769,[0.9371095 0.890625 ],1.2519745
770,[1.568911  0.7890625],1.2754841
771,[1.5328773 0.84375  ],1.0740373
772,[1.5164456 0.7890625],1.2240394
773,[1.2086302 0.8359375],1.2261262
774,[1.1683328 0.8125   ],1.1497548
775,[1.3563385 0.8671875],1.0418683
776,[1.6712611 0.7578125],1.2188728
777,[1.0403411 0.84375  ],1.2503186
778,[1.079632  0.8515625],1.3318229
779,[1.2799236 0.8515625],1.4935552
780,[0.99044186 0.8515625 ],1.0229989
781,[1.4736712 0.7734375],1.2131385
782,[1.7915528 0.8125   ],1.1332216
783,[0.9236038 0.7890625],1.3069572
784,[1.289751  0.8359375],0.9818393
785,[1.2517905 0.84375  ],1.419743
786,[1.3973982 0.828125 ],1.1667078
787,[1.4465904 0.8125   ],1.4582237
788,[1.1284194 0.84375  ],1.2323895
789,[1.7766224 0.78125  ],1.0839856
790,[1.3935465 0.84375  ],1.4242241
791,[1.1346109 0.828125 ],1.3013155
792,[1.4829288 0.8125   ],1.4362662
793,[1.7841228 0.78125  ],1.4082804
794,[1.53493   0.7734375],1.1710465
795,[1.0036876 0.8125   ],1.0473763
796,[1.2693813 0.8203125],1.0353783
797,[1.1434835 0.828125 ],1.1685461
798,[0.871246 0.890625],1.2571003
799,[1.5244097 0.828125 ],1.2165498
800,[1.1119962 0.8359375],1.0843072
801,[1.4865317 0.7734375],1.3982977
802,[1.7917192 0.8046875],1.0323883
803,[1.2249771 0.84375  ],1.2295073
804,[1.5125569 0.8046875],1.1481829
805,[1.4155071 0.78125  ],1.2587312
806,[1.370614 0.828125],1.3143466
807,[1.3287503 0.765625 ],1.2442185
808,[1.2087697 0.859375 ],1.2111769
809,[0.78245527 0.84375   ],1.2065253
810,[1.4069195 0.8125   ],1.1649253
811,[0.89296037 0.8515625 ],1.3418484
812,[1.3192543 0.75     ],1.284702
813,[1.4280325 0.8203125],1.4602625
814,[1.4526147 0.84375  ],1.3359051
815,[1.6213727 0.84375  ],1.0167544
816,[1.0211834 0.859375 ],1.0553613
817,[0.90067565 0.859375  ],1.0827068
818,[0.6175688 0.875    ],1.134426
819,[1.2919189 0.8515625],1.1191503
820,[1.2948608 0.796875 ],1.1840572
821,[1.6322012 0.828125 ],1.0618675
822,[1.3530427 0.8515625],1.2694571
823,[0.6888081 0.8515625],1.3508483
824,[0.85414946 0.90625   ],1.1248457
825,[1.2465954 0.8515625],1.3098006
826,[0.8831807 0.828125 ],1.3565527
827,[1.4678245 0.8125   ],1.090196
828,[1.0120196 0.859375 ],1.2642325
829,[1.0027618 0.859375 ],1.3082469
830,[1.7060683 0.7421875],1.1659358
831,[0.872354  0.8828125],1.1395324
832,[1.7832705 0.78125  ],1.1081247
833,[1.1131955 0.890625 ],1.4049845
834,[1.0736192 0.90625  ],1.2536743
835,[1.6752756 0.7890625],1.2287221
836,[0.7910694 0.8359375],1.1820734
837,[1.6783522 0.8359375],1.16636
838,[1.1896789 0.828125 ],1.5511286
839,[1.3520998 0.875    ],1.2652657
840,[1.201396 0.875   ],1.3338361
841,[0.9051347 0.90625  ],1.41918
842,[0.6185719 0.90625  ],1.0456791
843,[1.1473696 0.8515625],1.1898437
844,[0.9941685 0.875    ],1.1155585
845,[1.0189664 0.8125   ],1.1837295
846,[0.9988079 0.8671875],1.1565982
847,[0.8677417 0.8828125],1.0300299
848,[1.0449442 0.84375  ],1.3034673
849,[1.3411171 0.859375 ],1.341809
850,[1.3760661 0.828125 ],1.1558008
851,[0.8965804 0.8359375],1.2990158
852,[1.5862569 0.796875 ],1.2861037
853,[1.2386551 0.8671875],1.0491438
854,[1.3127527 0.7890625],1.4434559
855,[1.123445 0.84375 ],1.199447
856,[1.3611156 0.8203125],1.0292225
857,[1.8822556 0.765625 ],1.4830904
858,[1.8018122 0.796875 ],1.5903418
859,[0.7419894 0.8828125],1.215767
860,[1.4889165 0.875    ],1.0415874
861,[1.3064103 0.859375 ],1.043393
862,[1.131156 0.84375 ],1.0663371
863,[1.122848  0.8515625],1.2418859
864,[1.3868177 0.8125   ],1.3532124
865,[0.89384085 0.8671875 ],1.1244084
866,[1.156965 0.84375 ],1.518314
867,[1.2430806 0.8359375],1.3033597
868,[0.797241  0.8671875],1.221818
869,[1.8139371 0.8671875],1.270363
870,[1.0627716 0.8359375],1.1468586
871,[1.3395511 0.875    ],1.1407883
872,[1.408382  0.8203125],1.1176506
873,[1.0660684 0.8984375],1.2647928
874,[1.1727339 0.8984375],1.2351353
875,[1.0701761 0.8203125],1.3126273
876,[1.0416423 0.84375  ],1.3276657
877,[1.2616622 0.8359375],1.2185736
878,[1.1317567 0.8359375],0.9957355
879,[1.3006977 0.84375  ],1.4397392
880,[1.3500311 0.828125 ],1.2822711
881,[1.4121057 0.8828125],1.1347214
882,[1.5790261 0.8125   ],1.1037574
883,[0.9781145 0.8203125],1.2779629
884,[1.2287406 0.765625 ],1.3372734
885,[1.2298727 0.859375 ],1.2650833
886,[1.3427131 0.859375 ],1.1357192
887,[0.6750712 0.953125 ],0.9934537
888,[1.4932928 0.8125   ],1.137568
889,[0.861335 0.90625 ],1.1684971
890,[1.467825  0.8203125],1.3555859
891,[1.3250829 0.796875 ],1.1762999
892,[1.1495492 0.828125 ],1.0091851
893,[1.0680329 0.890625 ],1.1967795
894,[0.9975784 0.828125 ],1.3712101
895,[0.8151649 0.9140625],1.1241102
896,[0.87042415 0.84375   ],1.0138961
897,[1.9115161 0.7890625],0.98249644
898,[1.0324895 0.890625 ],1.129209
899,[1.1447599 0.8125   ],1.1808392
900,[1.1343881 0.8515625],1.5282851
901,[1.25396   0.8046875],1.2584822
902,[1.0476788 0.8125   ],1.1692266
903,[1.2176619 0.8515625],1.1969631
904,[1.5710886 0.8125   ],1.2080334
905,[1.2370148 0.84375  ],1.3124738
906,[1.0423889 0.859375 ],1.2535987
907,[1.309536 0.8125  ],1.0117369
908,[1.2060571 0.8203125],1.0450306
909,[0.845508  0.8984375],1.3698308
910,[2.1110666 0.7890625],1.3275905
911,[1.2733574 0.8671875],1.5296257
912,[0.7185528 0.90625  ],1.052227
913,[1.2525959 0.8203125],1.1910081
914,[0.98934853 0.875     ],1.1157463
915,[1.1687387 0.8515625],1.1656293
916,[0.87053293 0.8984375 ],1.286301
917,[0.7830061 0.875    ],1.1401954
918,[1.4178531 0.859375 ],1.2862034
919,[1.1573857 0.828125 ],1.3596549
920,[0.84974504 0.875     ],0.994331
921,[1.2346797 0.8359375],1.4885273
922,[1.3798994 0.8125   ],1.4033862
923,[0.7409513 0.890625 ],1.3252985
924,[0.7272074 0.875    ],1.2174959
925,[1.2864019 0.8671875],0.9686513
926,[1.3051984 0.8671875],0.9792089
927,[0.95108205 0.796875  ],1.1582744
928,[1.3227957 0.8671875],1.336066
929,[0.7226097 0.8984375],1.4652497
930,[1.2602068 0.828125 ],1.2650015
931,[1.3586154 0.859375 ],1.2557786
932,[1.0189654 0.8046875],1.0713743
933,[1.4152017 0.8125   ],1.0737181
934,[0.99516857 0.8984375 ],1.0889355
935,[0.881268 0.875   ],1.2345357
936,[0.4578145 0.90625  ],0.91021717
937,[1.1359663 0.8203125],1.2536311
938,[1.2200465 0.890625 ],1.3745027
939,[1.6338108 0.8046875],1.1767681
940,[1.1102889 0.859375 ],1.0368714
941,[1.0950747 0.8203125],1.315421
942,[1.1516912 0.875    ],1.1191574
943,[0.8493587 0.890625 ],1.4459174
944,[1.2161499 0.8984375],1.1074487
945,[0.5887666 0.859375 ],0.95871997
946,[0.9928072 0.828125 ],1.0039396
947,[0.98033047 0.8671875 ],1.0720539
948,[1.3593762 0.828125 ],1.1803015
949,[1.4456086 0.7890625],1.1044717
950,[1.1176463 0.8203125],1.328771
951,[0.952247  0.8828125],1.392174
952,[0.6679987 0.90625  ],1.2635171
953,[1.1304498 0.8515625],1.2174149
954,[1.5451072 0.7578125],1.1414654
955,[0.9830718 0.90625  ],1.027031
956,[1.0434973 0.890625 ],1.1678548
957,[1.2271843 0.875    ],1.1541152
958,[1.079204  0.8828125],1.1220112
959,[1.6524693 0.796875 ],1.3567787
960,[0.77314895 0.8515625 ],1.1667936
961,[1.5231805 0.8515625],1.5491543
962,[1.568599  0.8828125],1.2053627
963,[1.5897586 0.84375  ],1.2638319
964,[1.5854616 0.875    ],1.1066262
965,[1.0985229 0.8203125],1.227561
966,[1.4348154 0.8203125],1.6200951
967,[0.98152393 0.9140625 ],1.1670165
968,[0.9573073 0.890625 ],1.1802744
969,[1.3512805 0.859375 ],1.1855786
970,[1.0912054 0.84375  ],1.299279
971,[1.0001297 0.84375  ],1.1836388
972,[1.0372698 0.8984375],1.1832745
973,[1.254373 0.84375 ],1.2477913
974,[0.674593  0.8828125],1.2417797
975,[1.3094257 0.8359375],1.2496502
976,[1.1849633 0.8828125],1.1963742
977,[0.99903643 0.8515625 ],1.3956387
978,[1.3742843 0.8203125],1.251207
979,[1.0281589 0.8515625],1.1588016
980,[1.6861198 0.8203125],1.3127635
981,[1.7177389 0.8046875],1.2319523
982,[1.2085768 0.8671875],1.1928751
983,[0.95089495 0.9140625 ],1.1427265
984,[1.331153  0.8515625],1.10957
985,[0.8206512 0.875    ],1.2222613
986,[0.83839923 0.859375  ],1.2134607
987,[0.99302816 0.8984375 ],1.1560824
988,[1.5196569 0.828125 ],1.2143426
989,[1.1823647 0.8125   ],1.2395948
990,[0.5989981 0.8828125],1.1100966
991,[1.1868703 0.8515625],1.2961969
992,[0.9373823 0.8359375],1.4434319
993,[0.8685577 0.8828125],1.3154236
994,[0.60579014 0.90625   ],1.13258
995,[0.84642196 0.890625  ],1.0950942
996,[1.4712076 0.8671875],1.2578744
997,[0.7590076 0.859375 ],1.4123167
998,[0.9747374 0.8828125],1.080579
999,[0.8756493 0.8828125],1.1239934
1000,[0.8872202 0.875    ],1.190116
1001,[1.2120544 0.8671875],1.454999
1002,[1.4404161 0.875    ],1.185852
1003,[0.8047593 0.859375 ],1.304588
1004,[0.9551356 0.90625  ],1.0069904
1005,[0.99912834 0.8984375 ],1.166625
1006,[1.3644127 0.8359375],1.1301916
1007,[0.7582793 0.8828125],1.2505009
1008,[0.657024 0.890625],1.1988499
1009,[1.176739 0.859375],1.0139381
1010,[1.5794839 0.8671875],1.3409716
1011,[1.5080135 0.8515625],1.5906103
1012,[1.1128901 0.890625 ],1.0103705
1013,[0.91759986 0.8828125 ],1.1346316
1014,[1.0229989 0.8671875],1.1088157
1015,[1.12289  0.859375],1.6100864
1016,[1.3862627 0.7890625],1.2920274
1017,[0.90392566 0.8125    ],1.3483338
1018,[0.63990474 0.90625   ],1.4114923
1019,[1.2362018 0.875    ],1.3253784
1020,[1.26737  0.859375],1.2050786
1021,[1.0351945 0.8671875],1.1461301
1022,[0.95870626 0.859375  ],1.0272535
1023,[1.1055857 0.875    ],1.2527814
1024,[0.87967354 0.890625  ],1.4736089
1025,[1.079989 0.875   ],1.2486604
1026,[1.4485079 0.8671875],1.2558783
1027,[1.2493814 0.84375  ],1.3002446
1028,[1.3658841 0.890625 ],1.0381733
1029,[0.76663005 0.8671875 ],1.1830616
1030,[1.0624382 0.875    ],1.3386669
1031,[1.1389422 0.8359375],1.2254938
1032,[1.6401665 0.7890625],1.3369501
1033,[1.1180724 0.8828125],1.3927505
1034,[1.1254876 0.875    ],1.1063244
1035,[0.8656261 0.875    ],1.189951
1036,[0.96038485 0.9140625 ],1.2850788
1037,[1.031665  0.8359375],1.2280667
1038,[0.9357238 0.90625  ],1.3146889
1039,[1.0302768 0.8203125],1.2438635
1040,[0.95047086 0.90625   ],1.2833874
1041,[1.1995013 0.8515625],1.3068863
1042,[0.9582087 0.875    ],1.0747964
1043,[1.0803336 0.875    ],1.5357738
1044,[0.96272254 0.859375  ],1.4071043
1045,[0.5144601 0.8671875],1.1631349
1046,[0.72478145 0.8984375 ],1.0771683
1047,[0.8581338 0.875    ],1.2844052
1048,[1.0963573 0.859375 ],1.164118
1049,[0.7357056 0.90625  ],1.2480096
